{
    "AdjustmentSettings": {
        "BASE_BID": 2800.0,
        "ICR": [
            -50.0,
            0.0,
            50.0
        ],
        "DCF": 100.0,
        "NOT": 100.0,
        "NOATV": 100.0,
        "NOVR": 100.0,
        "TOAR": [
            0.0,
            -50.0
        ],
        "DFH": {
            "Lower": [
                0.0,
                50.0,
                100.0,
                300.0,
                500.0
            ],
            "Upper": [
                50.0,
                100.0,
                300.0,
                500.0,
                null
            ],
            "Adjustment": [
                0.0,
                100.0,
                200.0,
                300.0,
                400.0
            ]
        },
        "BS": {
            "Lower": [
                0.0,
                50000.0,
                100000.0
            ],
            "Upper": [
                50000.0,
                100000.0,
                null
            ],
            "Adjustment": [
                0.0,
                100.0,
                200.0
            ]
        },
        "SL": 100.0,
        "PT": [
            100.0,
            100.0,
            100.0,
            100.0,
            100.0,
            100.0,
            100.0,
            100.0,
            100.0
        ],
        "RCTVT": 100.0,
        "NOBD": -25.0,
        "GDFJ": -100.0
    }
}